"TransID","Date","CustomerID","ProductID"
1,2018-05-01,4147,2
2,2018-05-01,3065,2
3,2018-05-01,4078,1
4,2018-05-01,4850,1
5,2018-05-01,4806,4
6,2018-05-01,481,3
7,2018-05-01,3103,1
8,2018-05-01,419,2
9,2018-05-01,2549,1
10,2018-05-01,3160,2
11,2018-05-01,4169,1
12,2018-05-01,4106,1
13,2018-05-01,3081,1
14,2018-05-02,316,4
15,2018-05-02,4116,2
16,2018-05-02,4758,2
17,2018-05-02,4439,2
18,2018-05-02,263,3
19,2018-05-02,2993,1
20,2018-05-02,933,3
21,2018-05-02,2627,1
22,2018-05-02,2380,2
23,2018-05-02,272,1
24,2018-05-02,531,3
25,2018-05-02,4510,1
26,2018-05-02,1703,1
27,2018-05-02,1509,2
28,2018-05-02,120,2
29,2018-05-02,4974,4
30,2018-05-02,3615,2
31,2018-05-02,4711,1
32,2018-05-02,809,2
33,2018-05-02,315,1
34,2018-05-02,4320,4
35,2018-05-03,2172,4
36,2018-05-03,3651,4
37,2018-05-03,3040,1
38,2018-05-03,1938,1
39,2018-05-03,1286,1
40,2018-05-03,1167,2
41,2018-05-03,2025,1
42,2018-05-03,1971,3
43,2018-05-03,1765,1
44,2018-05-03,4629,2
45,2018-05-03,3366,2
46,2018-05-03,2426,2
47,2018-05-03,1566,4
48,2018-05-03,449,3
49,2018-05-03,2281,5
50,2018-05-03,1831,3
51,2018-05-03,4050,3
52,2018-05-03,4399,4
53,2018-05-03,4388,1
54,2018-05-03,4320,4
55,2018-05-03,4632,4
56,2018-05-04,3765,1
57,2018-05-04,4849,2
58,2018-05-04,410,3
59,2018-05-04,1714,2
60,2018-05-04,3883,3
61,2018-05-04,4366,2
62,2018-05-04,804,3
63,2018-05-04,1858,2
64,2018-05-04,2446,4
65,2018-05-04,4062,1
66,2018-05-04,3638,1
67,2018-05-04,1969,3
68,2018-05-04,1934,4
69,2018-05-04,4384,3
70,2018-05-04,1839,1
71,2018-05-04,943,2
72,2018-05-04,2107,2
73,2018-05-05,2440,2
74,2018-05-05,4324,2
75,2018-05-05,4679,1
76,2018-05-05,4965,1
77,2018-05-05,4500,4
78,2018-05-05,4307,2
79,2018-05-05,1348,1
80,2018-05-05,4030,2
81,2018-05-05,1888,3
82,2018-05-05,4861,2
83,2018-05-05,4094,1
84,2018-05-05,981,1
85,2018-05-05,1344,2
86,2018-05-05,1683,3
87,2018-05-05,4327,1
88,2018-05-06,1389,2
89,2018-05-06,149,1
90,2018-05-06,1110,3
91,2018-05-06,3927,4
92,2018-05-06,106,1
93,2018-05-06,4758,1
94,2018-05-06,2666,1
95,2018-05-06,654,1
96,2018-05-06,4240,3
97,2018-05-06,720,2
98,2018-05-06,2779,2
99,2018-05-06,3986,3
100,2018-05-06,4727,2
101,2018-05-06,4027,1
102,2018-05-06,583,2
103,2018-05-06,4466,1
104,2018-05-06,550,2
105,2018-05-06,4150,3
106,2018-05-06,2066,1
107,2018-05-06,230,1
108,2018-05-06,1668,2
109,2018-05-06,65,3
110,2018-05-06,4381,2
111,2018-05-06,2338,2
112,2018-05-06,2760,1
113,2018-05-06,4282,5
114,2018-05-06,233,2
115,2018-05-07,221,1
116,2018-05-07,4863,2
117,2018-05-07,4126,4
118,2018-05-07,442,2
119,2018-05-07,4051,1
120,2018-05-07,2061,4
121,2018-05-07,3623,1
122,2018-05-07,495,1
123,2018-05-07,4699,1
124,2018-05-07,978,1
125,2018-05-07,923,2
126,2018-05-07,1401,3
127,2018-05-07,1016,4
128,2018-05-07,4725,1
129,2018-05-07,2709,1
130,2018-05-07,4150,1
131,2018-05-07,139,4
132,2018-05-07,4766,2
133,2018-05-07,2249,1
134,2018-05-08,2205,2
135,2018-05-08,1792,2
136,2018-05-08,746,1
137,2018-05-08,1075,4
138,2018-05-08,2009,2
139,2018-05-08,294,4
140,2018-05-08,3610,1
141,2018-05-08,2824,1
142,2018-05-08,450,3
143,2018-05-08,1373,4
144,2018-05-08,338,1
145,2018-05-08,4199,3
146,2018-05-08,245,1
147,2018-05-08,1624,1
148,2018-05-08,2069,1
149,2018-05-08,166,1
150,2018-05-08,4620,1
151,2018-05-08,1612,1
152,2018-05-09,4223,2
153,2018-05-09,9,2
154,2018-05-09,4281,1
155,2018-05-09,2099,2
156,2018-05-09,1405,2
157,2018-05-09,2006,5
158,2018-05-09,4343,2
159,2018-05-09,563,1
160,2018-05-09,4150,2
161,2018-05-09,4137,2
162,2018-05-09,3895,4
163,2018-05-09,2986,1
164,2018-05-09,2379,2
165,2018-05-09,272,1
166,2018-05-09,669,2
167,2018-05-10,1636,1
168,2018-05-10,2049,3
169,2018-05-10,3277,2
170,2018-05-10,2061,2
171,2018-05-10,1887,1
172,2018-05-10,791,3
173,2018-05-10,3332,2
174,2018-05-10,4494,2
175,2018-05-10,2660,2
176,2018-05-10,2119,2
177,2018-05-10,2212,1
178,2018-05-10,2056,1
179,2018-05-10,3578,3
180,2018-05-10,4048,2
181,2018-05-10,1656,1
182,2018-05-10,2529,2
183,2018-05-10,1950,1
184,2018-05-10,4505,2
185,2018-05-10,300,2
186,2018-05-10,2590,2
187,2018-05-10,3967,2
188,2018-05-10,672,2
189,2018-05-11,843,4
190,2018-05-11,2107,2
191,2018-05-11,1570,2
192,2018-05-11,4943,2
193,2018-05-11,420,2
194,2018-05-11,4744,1
195,2018-05-11,3345,2
196,2018-05-11,314,2
197,2018-05-11,2504,1
198,2018-05-11,3145,3
199,2018-05-11,2527,1
200,2018-05-11,3157,3
201,2018-05-11,4773,3
202,2018-05-11,1273,1
203,2018-05-11,3330,2
204,2018-05-11,4542,3
205,2018-05-11,317,1
206,2018-05-12,3355,1
207,2018-05-12,2995,3
208,2018-05-12,4458,1
209,2018-05-12,2959,3
210,2018-05-12,971,2
211,2018-05-12,2982,2
212,2018-05-12,1253,2
213,2018-05-12,4640,3
214,2018-05-12,3819,2
215,2018-05-12,1911,1
216,2018-05-12,473,4
217,2018-05-12,2362,4
218,2018-05-12,4556,2
219,2018-05-12,3153,1
220,2018-05-12,2337,1
221,2018-05-12,3070,1
222,2018-05-12,436,2
223,2018-05-12,980,2
224,2018-05-12,2696,1
225,2018-05-13,1203,2
226,2018-05-13,1973,1
227,2018-05-13,2634,1
228,2018-05-13,4786,2
229,2018-05-13,2778,2
230,2018-05-13,4190,1
231,2018-05-13,2637,3
232,2018-05-13,605,1
233,2018-05-13,2150,2
234,2018-05-13,1825,4
235,2018-05-13,4519,3
236,2018-05-13,4320,1
237,2018-05-13,1036,3
238,2018-05-13,469,2
239,2018-05-13,3736,2
240,2018-05-13,1512,1
241,2018-05-13,2748,3
242,2018-05-13,3858,2
243,2018-05-13,2425,2
244,2018-05-13,563,2
245,2018-05-13,3040,1
246,2018-05-13,3625,3
247,2018-05-14,933,1
248,2018-05-14,904,4
249,2018-05-14,2027,1
250,2018-05-14,1765,3
251,2018-05-14,2679,1
252,2018-05-14,1119,3
253,2018-05-14,4795,4
254,2018-05-14,2937,1
255,2018-05-14,1727,1
256,2018-05-14,2192,1
257,2018-05-14,1912,3
258,2018-05-14,1869,1
259,2018-05-14,114,1
260,2018-05-14,387,1
261,2018-05-15,1163,2
262,2018-05-15,1071,4
263,2018-05-15,4064,2
264,2018-05-15,271,1
265,2018-05-15,4046,1
266,2018-05-15,1492,1
267,2018-05-15,1479,4
268,2018-05-15,2695,1
269,2018-05-15,3666,3
270,2018-05-15,4191,2
271,2018-05-15,4850,1
272,2018-05-15,4387,3
273,2018-05-15,320,3
274,2018-05-15,4685,2
275,2018-05-15,4491,2
276,2018-05-15,3514,1
277,2018-05-16,3876,3
278,2018-05-16,2193,1
279,2018-05-16,320,4
280,2018-05-16,1114,1
281,2018-05-16,2675,2
282,2018-05-16,1304,1
283,2018-05-16,2088,2
284,2018-05-16,4586,1
285,2018-05-16,175,1
286,2018-05-16,1097,2
287,2018-05-16,2739,4
288,2018-05-16,4657,2
289,2018-05-16,408,2
290,2018-05-16,4057,4
291,2018-05-16,277,3
292,2018-05-16,2880,2
293,2018-05-16,233,1
294,2018-05-16,4793,1
295,2018-05-16,470,4
296,2018-05-16,3893,3
297,2018-05-17,2334,3
298,2018-05-17,3811,4
299,2018-05-17,616,2
300,2018-05-17,2330,4
301,2018-05-17,345,2
302,2018-05-17,4730,1
303,2018-05-17,498,2
304,2018-05-17,907,2
305,2018-05-17,4427,1
306,2018-05-17,4861,2
307,2018-05-17,1455,1
308,2018-05-17,727,1
309,2018-05-17,1160,4
310,2018-05-17,4742,2
311,2018-05-17,1453,2
312,2018-05-17,941,2
313,2018-05-17,3545,4
314,2018-05-17,936,4
315,2018-05-17,2080,2
316,2018-05-18,2221,2
317,2018-05-18,27,1
318,2018-05-18,1103,1
319,2018-05-18,2606,5
320,2018-05-18,2672,4
321,2018-05-18,3252,3
322,2018-05-18,2422,2
323,2018-05-18,4279,3
324,2018-05-18,2316,2
325,2018-05-18,3388,3
326,2018-05-18,1354,1
327,2018-05-18,251,2
328,2018-05-18,2351,2
329,2018-05-18,3858,2
330,2018-05-18,4001,1
331,2018-05-18,2090,2
332,2018-05-18,802,1
333,2018-05-18,413,1
334,2018-05-19,2215,2
335,2018-05-19,2702,1
336,2018-05-19,515,3
337,2018-05-19,4843,2
338,2018-05-19,300,2
339,2018-05-19,838,1
340,2018-05-19,1744,1
341,2018-05-19,3514,1
342,2018-05-19,3754,1
343,2018-05-19,1263,4
344,2018-05-19,4811,3
345,2018-05-19,3791,1
346,2018-05-19,2540,2
347,2018-05-19,1856,2
348,2018-05-19,3257,1
349,2018-05-19,1245,2
350,2018-05-19,3667,1
351,2018-05-19,3221,4
352,2018-05-19,3668,3
353,2018-05-19,504,1
354,2018-05-19,4437,2
355,2018-05-19,4812,4
356,2018-05-19,2645,3
357,2018-05-19,3217,3
358,2018-05-19,4318,4
359,2018-05-19,459,3
360,2018-05-19,1953,4
361,2018-05-19,4959,1
362,2018-05-20,133,1
363,2018-05-20,4383,1
364,2018-05-20,3094,5
365,2018-05-20,4862,2
366,2018-05-20,4286,2
367,2018-05-20,4856,1
368,2018-05-20,2952,2
369,2018-05-20,235,3
370,2018-05-20,1597,3
371,2018-05-20,263,1
372,2018-05-20,3233,2
373,2018-05-20,3306,3
374,2018-05-20,4136,1
375,2018-05-20,1681,2
376,2018-05-20,2858,3
377,2018-05-20,3953,1
378,2018-05-20,1623,1
379,2018-05-20,2675,3
380,2018-05-20,2889,3
381,2018-05-20,924,1
382,2018-05-20,472,3
383,2018-05-20,1504,4
384,2018-05-20,4672,4
385,2018-05-20,570,4
386,2018-05-20,3275,4
387,2018-05-20,1135,2
388,2018-05-20,4872,3
389,2018-05-20,945,2
390,2018-05-21,2314,2
391,2018-05-21,3952,4
392,2018-05-21,4626,1
393,2018-05-21,404,2
394,2018-05-21,3785,2
395,2018-05-21,641,1
396,2018-05-21,998,2
397,2018-05-21,48,1
398,2018-05-21,1244,1
399,2018-05-21,1230,1
400,2018-05-21,757,4
401,2018-05-21,1770,2
402,2018-05-21,25,2
403,2018-05-21,986,2
404,2018-05-21,965,2
405,2018-05-21,1829,2
406,2018-05-22,191,2
407,2018-05-22,1892,2
408,2018-05-22,1501,2
409,2018-05-22,2274,2
410,2018-05-22,2494,1
411,2018-05-22,2760,2
412,2018-05-22,3272,1
413,2018-05-22,1781,1
414,2018-05-23,1504,2
415,2018-05-23,2846,2
416,2018-05-23,4554,2
417,2018-05-23,707,2
418,2018-05-23,3526,4
419,2018-05-23,3717,1
420,2018-05-23,2761,1
421,2018-05-23,4970,2
422,2018-05-23,779,1
423,2018-05-23,1852,1
424,2018-05-23,4352,1
425,2018-05-23,4697,3
426,2018-05-23,2678,4
427,2018-05-23,1716,2
428,2018-05-23,816,1
429,2018-05-23,639,1
430,2018-05-23,1079,1
431,2018-05-23,3859,2
432,2018-05-24,4959,2
433,2018-05-24,1770,1
434,2018-05-24,403,2
435,2018-05-24,2627,1
436,2018-05-24,3096,1
437,2018-05-24,4172,1
438,2018-05-24,361,2
439,2018-05-24,2412,4
440,2018-05-24,1126,2
441,2018-05-24,2631,2
442,2018-05-24,3600,3
443,2018-05-24,4371,4
444,2018-05-24,30,2
445,2018-05-24,279,1
446,2018-05-24,1214,4
447,2018-05-24,4011,2
448,2018-05-24,564,1
449,2018-05-24,2550,1
450,2018-05-24,3446,2
451,2018-05-24,2215,1
452,2018-05-25,3194,2
453,2018-05-25,2569,2
454,2018-05-25,1460,1
455,2018-05-25,69,3
456,2018-05-25,1553,1
457,2018-05-25,2069,1
458,2018-05-25,3935,3
459,2018-05-25,3393,1
460,2018-05-25,4466,2
461,2018-05-25,3063,1
462,2018-05-25,1414,2
463,2018-05-25,2989,2
464,2018-05-25,4645,3
465,2018-05-26,230,3
466,2018-05-26,3422,4
467,2018-05-26,1797,2
468,2018-05-26,3824,4
469,2018-05-26,775,1
470,2018-05-26,3668,2
471,2018-05-26,870,1
472,2018-05-26,678,2
473,2018-05-26,2489,1
474,2018-05-26,1544,2
475,2018-05-26,501,3
476,2018-05-26,1573,2
477,2018-05-26,4415,2
478,2018-05-26,4518,2
479,2018-05-26,139,3
480,2018-05-26,4224,2
481,2018-05-26,196,1
482,2018-05-26,1507,2
483,2018-05-26,2361,2
484,2018-05-26,3602,3
485,2018-05-26,3247,2
486,2018-05-27,2021,2
487,2018-05-27,2740,1
488,2018-05-27,1222,1
489,2018-05-27,2851,1
490,2018-05-27,1014,2
491,2018-05-27,4924,2
492,2018-05-27,1692,2
493,2018-05-27,1775,2
494,2018-05-27,3745,2
495,2018-05-27,2696,2
496,2018-05-27,3213,1
497,2018-05-27,4168,1
498,2018-05-27,4267,2
499,2018-05-27,3064,1
500,2018-05-27,263,2
501,2018-05-27,987,4
502,2018-05-27,4010,2
503,2018-05-27,2918,4
504,2018-05-27,906,4
505,2018-05-27,2889,1
506,2018-05-27,580,4
507,2018-05-27,285,1
508,2018-05-28,2719,1
509,2018-05-28,976,2
510,2018-05-28,4208,2
511,2018-05-28,4928,2
512,2018-05-28,390,2
513,2018-05-28,547,2
514,2018-05-28,3878,2
515,2018-05-28,1324,3
516,2018-05-28,2703,3
517,2018-05-28,774,3
518,2018-05-28,3221,3
519,2018-05-28,3194,1
520,2018-05-28,707,1
521,2018-05-28,2743,1
522,2018-05-29,4610,4
523,2018-05-29,2085,2
524,2018-05-29,2337,4
525,2018-05-29,3314,1
526,2018-05-29,4156,2
527,2018-05-29,4045,1
528,2018-05-29,3664,1
529,2018-05-29,986,1
530,2018-05-29,3460,2
531,2018-05-29,2952,2
532,2018-05-29,1765,3
533,2018-05-29,1418,2
534,2018-05-29,322,4
535,2018-05-29,2525,1
536,2018-05-29,3601,2
537,2018-05-29,3880,1
538,2018-05-29,580,3
539,2018-05-30,2192,1
540,2018-05-30,897,3
541,2018-05-30,2328,2
542,2018-05-30,4810,3
543,2018-05-30,520,1
544,2018-05-30,570,4
545,2018-05-30,1720,1
546,2018-05-30,483,1
547,2018-05-30,2482,2
548,2018-05-30,741,2
549,2018-05-30,3493,1
550,2018-05-30,1792,1
551,2018-05-30,3634,1
552,2018-05-30,1783,2
553,2018-05-30,65,1
554,2018-05-30,696,3
555,2018-05-31,1433,1
556,2018-05-31,1841,3
557,2018-05-31,4301,1
558,2018-05-31,663,2
559,2018-05-31,1406,2
560,2018-05-31,2928,2
561,2018-05-31,1427,2
562,2018-05-31,3771,1
563,2018-05-31,3756,1
564,2018-05-31,1585,3
565,2018-06-01,4626,1
566,2018-06-01,1141,2
567,2018-06-01,2881,1
568,2018-06-01,3336,1
569,2018-06-01,4918,2
570,2018-06-01,3832,1
571,2018-06-01,2988,2
572,2018-06-01,4432,2
573,2018-06-01,1363,1
574,2018-06-01,3114,1
575,2018-06-01,1748,1
576,2018-06-01,2139,1
577,2018-06-01,3491,1
578,2018-06-01,2401,2
579,2018-06-01,3835,1
580,2018-06-01,1409,4
581,2018-06-01,2677,2
582,2018-06-01,3414,2
583,2018-06-01,2620,1
584,2018-06-01,3046,1
585,2018-06-02,4004,4
586,2018-06-02,3304,1
587,2018-06-02,4525,5
588,2018-06-02,2101,1
589,2018-06-02,3986,1
590,2018-06-02,4222,2
591,2018-06-02,2532,3
592,2018-06-02,3585,1
593,2018-06-02,2064,2
594,2018-06-02,2895,1
595,2018-06-02,2044,1
596,2018-06-02,2176,3
597,2018-06-02,4659,2
598,2018-06-02,2493,3
599,2018-06-02,533,4
600,2018-06-02,1501,2
601,2018-06-02,1504,2
602,2018-06-02,1059,1
603,2018-06-02,3863,2
604,2018-06-02,3631,1
605,2018-06-02,323,3
606,2018-06-03,1025,1
607,2018-06-03,4345,2
608,2018-06-03,2812,3
609,2018-06-03,2883,2
610,2018-06-03,3404,2
611,2018-06-03,4318,4
612,2018-06-03,3898,1
613,2018-06-03,3810,4
614,2018-06-03,2781,4
615,2018-06-03,3051,1
616,2018-06-03,902,2
617,2018-06-03,853,3
618,2018-06-03,2401,2
619,2018-06-03,4454,2
620,2018-06-03,4988,1
621,2018-06-03,4887,1
622,2018-06-03,416,2
623,2018-06-03,4860,2
624,2018-06-03,736,1
625,2018-06-03,4018,2
626,2018-06-03,3764,4
627,2018-06-03,31,3
628,2018-06-03,2992,2
629,2018-06-03,4854,1
630,2018-06-03,3481,1
631,2018-06-03,286,1
632,2018-06-03,112,1
633,2018-06-03,3244,2
634,2018-06-03,1813,3
635,2018-06-03,367,3
636,2018-06-04,3372,4
637,2018-06-04,2314,2
638,2018-06-04,2280,1
639,2018-06-04,554,2
640,2018-06-04,1159,2
641,2018-06-04,764,1
642,2018-06-04,3414,4
643,2018-06-04,2272,1
644,2018-06-04,1047,1
645,2018-06-04,840,2
646,2018-06-04,2797,1
647,2018-06-04,2191,1
648,2018-06-04,798,2
649,2018-06-04,1363,1
650,2018-06-04,2634,3
651,2018-06-04,2473,1
652,2018-06-04,3010,1
653,2018-06-04,3117,1
654,2018-06-04,463,3
655,2018-06-05,4594,4
656,2018-06-05,4335,2
657,2018-06-05,1593,4
658,2018-06-05,4057,2
659,2018-06-05,2614,1
660,2018-06-05,3217,1
661,2018-06-05,212,1
662,2018-06-05,2536,1
663,2018-06-05,643,2
664,2018-06-05,150,4
665,2018-06-05,3634,3
666,2018-06-05,2119,3
667,2018-06-05,2907,1
668,2018-06-05,815,3
669,2018-06-05,1702,2
670,2018-06-06,3127,1
671,2018-06-06,1716,1
672,2018-06-06,2425,1
673,2018-06-06,2146,1
674,2018-06-06,1179,2
675,2018-06-06,706,1
676,2018-06-06,4406,4
677,2018-06-06,860,2
678,2018-06-06,4389,1
679,2018-06-06,1621,2
680,2018-06-06,1999,2
681,2018-06-06,307,3
682,2018-06-06,3138,1
683,2018-06-06,3659,2
684,2018-06-06,2115,4
685,2018-06-07,566,3
686,2018-06-07,1893,1
687,2018-06-07,2180,1
688,2018-06-07,830,1
689,2018-06-07,1790,2
690,2018-06-07,2717,1
691,2018-06-07,3000,2
692,2018-06-07,580,2
693,2018-06-07,2642,1
694,2018-06-07,2614,3
695,2018-06-07,2307,1
696,2018-06-07,49,2
697,2018-06-07,2726,4
698,2018-06-07,1233,1
699,2018-06-07,3203,2
700,2018-06-07,567,3
701,2018-06-07,3722,2
702,2018-06-07,4204,1
703,2018-06-07,4800,1
704,2018-06-08,4200,2
705,2018-06-08,927,2
706,2018-06-08,2387,3
707,2018-06-08,792,1
708,2018-06-08,1275,3
709,2018-06-08,2673,1
710,2018-06-08,539,2
711,2018-06-08,46,5
712,2018-06-08,948,4
713,2018-06-08,1981,2
714,2018-06-08,1285,3
715,2018-06-08,3769,1
716,2018-06-08,4505,4
717,2018-06-08,3707,2
718,2018-06-08,3379,3
719,2018-06-08,1923,1
720,2018-06-08,1439,1
721,2018-06-08,2166,4
722,2018-06-09,3300,4
723,2018-06-09,570,4
724,2018-06-09,2066,1
725,2018-06-09,3370,1
726,2018-06-09,503,1
727,2018-06-09,2342,2
728,2018-06-09,1119,4
729,2018-06-09,4596,2
730,2018-06-09,746,2
731,2018-06-09,3498,4
732,2018-06-09,2876,2
733,2018-06-09,1999,1
734,2018-06-09,193,2
735,2018-06-09,2228,2
736,2018-06-09,1379,1
737,2018-06-09,4200,1
738,2018-06-09,2982,2
739,2018-06-09,4883,4
740,2018-06-09,3467,1
741,2018-06-10,152,1
742,2018-06-10,2226,3
743,2018-06-10,2411,3
744,2018-06-10,2885,2
745,2018-06-10,2123,2
746,2018-06-10,2510,1
747,2018-06-10,402,1
748,2018-06-10,4789,2
749,2018-06-10,2433,2
750,2018-06-10,3667,1
751,2018-06-10,3147,2
752,2018-06-10,4087,3
753,2018-06-10,4546,2
754,2018-06-11,2966,2
755,2018-06-11,908,2
756,2018-06-11,1767,1
757,2018-06-11,2383,2
758,2018-06-11,781,1
759,2018-06-11,2387,2
760,2018-06-11,3985,4
761,2018-06-11,4086,1
762,2018-06-11,2259,1
763,2018-06-11,2559,2
764,2018-06-11,3021,2
765,2018-06-11,3024,2
766,2018-06-11,2672,1
767,2018-06-11,319,1
768,2018-06-11,3380,4
769,2018-06-11,2254,4
770,2018-06-11,4125,2
771,2018-06-11,2341,1
772,2018-06-11,2496,2
773,2018-06-12,4047,2
774,2018-06-12,1349,2
775,2018-06-12,3175,1
776,2018-06-12,619,1
777,2018-06-12,4724,4
778,2018-06-12,3577,2
779,2018-06-12,1679,1
780,2018-06-12,1955,2
781,2018-06-12,3375,3
782,2018-06-12,321,2
783,2018-06-12,4028,3
784,2018-06-12,3565,2
785,2018-06-12,2840,1
786,2018-06-12,4321,3
787,2018-06-12,1239,2
788,2018-06-13,1477,3
789,2018-06-13,3515,1
790,2018-06-13,2013,1
791,2018-06-13,599,2
792,2018-06-13,3722,1
793,2018-06-13,2961,1
794,2018-06-13,3548,3
795,2018-06-13,3462,1
796,2018-06-13,1269,1
797,2018-06-13,2355,1
798,2018-06-13,300,2
799,2018-06-13,1513,1
800,2018-06-13,1982,3
801,2018-06-13,455,2
802,2018-06-13,1713,4
803,2018-06-13,685,2
804,2018-06-13,3621,1
805,2018-06-13,2276,2
806,2018-06-13,4810,4
807,2018-06-14,4397,1
808,2018-06-14,4523,1
809,2018-06-14,2363,2
810,2018-06-14,954,2
811,2018-06-14,2302,2
812,2018-06-14,4203,2
813,2018-06-14,4370,2
814,2018-06-14,540,1
815,2018-06-14,4934,4
816,2018-06-14,4550,2
817,2018-06-14,734,1
818,2018-06-14,4492,1
819,2018-06-14,2344,3
820,2018-06-14,3644,2
821,2018-06-14,2162,1
822,2018-06-14,772,3
823,2018-06-14,785,2
824,2018-06-15,4720,1
825,2018-06-15,2155,1
826,2018-06-15,3474,5
827,2018-06-15,4967,2
828,2018-06-15,1623,1
829,2018-06-15,3432,4
830,2018-06-15,3747,1
831,2018-06-15,4165,1
832,2018-06-15,4352,2
833,2018-06-15,3610,1
834,2018-06-15,4473,1
835,2018-06-15,3114,2
836,2018-06-15,1794,2
837,2018-06-16,4346,2
838,2018-06-16,1596,2
839,2018-06-16,782,2
840,2018-06-16,2344,2
841,2018-06-16,3783,1
842,2018-06-16,1194,1
843,2018-06-16,1900,1
844,2018-06-16,1096,4
845,2018-06-16,3462,2
846,2018-06-16,439,1
847,2018-06-16,3578,3
848,2018-06-16,4483,2
849,2018-06-16,3008,1
850,2018-06-16,2764,1
851,2018-06-16,3647,2
852,2018-06-16,4095,1
853,2018-06-16,1283,3
854,2018-06-16,1961,1
855,2018-06-16,2146,1
856,2018-06-17,1261,2
857,2018-06-17,457,1
858,2018-06-17,4601,2
859,2018-06-17,1463,2
860,2018-06-17,4178,1
861,2018-06-17,683,2
862,2018-06-17,290,2
863,2018-06-17,1822,2
864,2018-06-17,3191,2
865,2018-06-17,2849,2
866,2018-06-17,3592,2
867,2018-06-17,3253,1
868,2018-06-17,2038,2
869,2018-06-17,3044,1
870,2018-06-17,2836,1
871,2018-06-17,2231,2
872,2018-06-17,3283,2
873,2018-06-17,4705,2
874,2018-06-17,119,4
875,2018-06-17,569,1
876,2018-06-17,281,1
877,2018-06-17,1235,2
878,2018-06-17,2657,3
879,2018-06-17,4177,3
880,2018-06-17,4795,3
881,2018-06-17,4558,1
882,2018-06-17,1547,2
883,2018-06-17,2261,3
884,2018-06-17,1467,1
885,2018-06-17,2508,1
886,2018-06-17,3644,2
887,2018-06-17,139,4
888,2018-06-17,4708,2
889,2018-06-18,251,2
890,2018-06-18,4223,2
891,2018-06-18,1203,1
892,2018-06-18,1198,3
893,2018-06-18,3927,3
894,2018-06-18,2478,1
895,2018-06-18,4531,2
896,2018-06-18,534,4
897,2018-06-18,2234,3
898,2018-06-18,4744,1
899,2018-06-18,602,2
900,2018-06-18,3575,1
901,2018-06-18,752,2
902,2018-06-18,4093,2
903,2018-06-18,1791,2
904,2018-06-18,3747,4
905,2018-06-18,3257,2
906,2018-06-18,2784,2
907,2018-06-18,223,1
908,2018-06-18,4247,1
909,2018-06-18,2628,2
910,2018-06-18,454,2
911,2018-06-18,2433,1
912,2018-06-18,2997,1
913,2018-06-19,476,1
914,2018-06-19,944,1
915,2018-06-19,3421,2
916,2018-06-19,656,1
917,2018-06-19,62,2
918,2018-06-19,4194,4
919,2018-06-19,3509,2
920,2018-06-19,320,3
921,2018-06-19,4468,4
922,2018-06-19,1227,1
923,2018-06-19,4997,3
924,2018-06-19,1084,2
925,2018-06-19,1927,2
926,2018-06-19,100,1
927,2018-06-20,1712,2
928,2018-06-20,4700,3
929,2018-06-20,4616,3
930,2018-06-20,643,2
931,2018-06-20,2837,1
932,2018-06-20,3846,2
933,2018-06-20,2749,3
934,2018-06-20,3297,3
935,2018-06-20,1836,4
936,2018-06-20,1392,1
937,2018-06-20,336,1
938,2018-06-20,629,2
939,2018-06-20,3625,2
940,2018-06-20,763,2
941,2018-06-20,737,1
942,2018-06-20,1439,1
943,2018-06-20,981,1
944,2018-06-20,2946,2
945,2018-06-21,876,2
946,2018-06-21,885,2
947,2018-06-21,929,2
948,2018-06-21,3541,3
949,2018-06-21,3503,2
950,2018-06-21,3716,3
951,2018-06-21,4153,1
952,2018-06-21,2611,1
953,2018-06-21,2800,2
954,2018-06-21,4015,1
955,2018-06-21,1679,1
956,2018-06-21,1700,4
957,2018-06-21,4628,3
958,2018-06-21,1941,2
959,2018-06-21,1333,2
960,2018-06-21,933,3
961,2018-06-22,2847,1
962,2018-06-22,1932,1
963,2018-06-22,2866,2
964,2018-06-22,1117,3
965,2018-06-22,3347,2
966,2018-06-22,2393,2
967,2018-06-22,1846,3
968,2018-06-22,1466,1
969,2018-06-22,1228,1
970,2018-06-22,4903,1
971,2018-06-22,313,3
972,2018-06-22,1941,1
973,2018-06-22,2683,1
974,2018-06-22,3642,3
975,2018-06-22,1845,2
976,2018-06-22,4277,1
977,2018-06-22,2111,1
978,2018-06-22,246,1
979,2018-06-22,4580,3
980,2018-06-23,1705,1
981,2018-06-23,583,3
982,2018-06-23,1813,1
983,2018-06-23,3409,2
984,2018-06-23,1824,2
985,2018-06-23,1629,1
986,2018-06-23,1591,2
987,2018-06-23,3025,4
988,2018-06-23,4395,1
989,2018-06-23,2360,1
990,2018-06-23,2839,1
991,2018-06-23,1385,2
992,2018-06-23,4640,1
993,2018-06-23,2794,1
994,2018-06-23,3703,2
995,2018-06-23,3631,4
996,2018-06-23,3380,2
997,2018-06-23,770,1
998,2018-06-23,2188,2
999,2018-06-23,726,1
1000,2018-06-23,4644,2
1001,2018-06-23,4713,3
1002,2018-06-23,1235,3
1003,2018-06-23,2794,1
1004,2018-06-24,2879,3
1005,2018-06-24,1846,3
1006,2018-06-24,2992,1
1007,2018-06-24,3413,1
1008,2018-06-24,3538,4
1009,2018-06-24,1355,1
1010,2018-06-24,2776,3
1011,2018-06-24,550,1
1012,2018-06-24,3052,1
1013,2018-06-24,2709,2
1014,2018-06-24,4527,1
1015,2018-06-24,3625,1
1016,2018-06-24,227,3
1017,2018-06-24,4486,2
1018,2018-06-24,1812,1
1019,2018-06-24,3911,2
1020,2018-06-24,2185,1
1021,2018-06-24,3726,2
1022,2018-06-24,1566,1
1023,2018-06-25,211,1
1024,2018-06-25,3252,1
1025,2018-06-25,704,2
1026,2018-06-25,1857,3
1027,2018-06-25,3226,3
1028,2018-06-25,137,3
1029,2018-06-25,1596,3
1030,2018-06-25,4706,1
1031,2018-06-25,1308,3
1032,2018-06-25,3992,4
1033,2018-06-26,1928,3
1034,2018-06-26,954,4
1035,2018-06-26,268,4
1036,2018-06-26,976,5
1037,2018-06-26,2726,5
1038,2018-06-26,2383,4
1039,2018-06-26,2641,1
1040,2018-06-26,4758,1
1041,2018-06-26,1439,4
1042,2018-06-26,3038,2
1043,2018-06-26,4300,2
1044,2018-06-26,395,2
1045,2018-06-26,2223,1
1046,2018-06-26,4818,1
1047,2018-06-26,3579,1
1048,2018-06-26,3380,1
1049,2018-06-26,873,4
1050,2018-06-26,3612,1
1051,2018-06-26,1594,4
1052,2018-06-26,1579,4
1053,2018-06-26,4806,2
1054,2018-06-26,4286,2
1055,2018-06-27,2430,2
1056,2018-06-27,430,1
1057,2018-06-27,662,2
1058,2018-06-27,3451,1
1059,2018-06-27,80,3
1060,2018-06-27,3778,3
1061,2018-06-27,2187,2
1062,2018-06-27,4829,3
1063,2018-06-27,834,3
1064,2018-06-27,912,3
1065,2018-06-27,4072,1
1066,2018-06-27,2070,2
1067,2018-06-27,1009,1
1068,2018-06-27,3514,2
1069,2018-06-27,1621,3
1070,2018-06-27,3797,1
1071,2018-06-28,3968,1
1072,2018-06-28,3911,1
1073,2018-06-28,561,2
1074,2018-06-28,605,1
1075,2018-06-28,643,2
1076,2018-06-28,551,4
1077,2018-06-28,754,1
1078,2018-06-28,2066,2
1079,2018-06-28,3496,1
1080,2018-06-28,860,4
1081,2018-06-28,2655,3
1082,2018-06-28,1272,4
1083,2018-06-28,3177,5
1084,2018-06-28,2012,2
1085,2018-06-28,913,1
1086,2018-06-28,1735,2
1087,2018-06-28,618,3
1088,2018-06-28,2816,2
1089,2018-06-28,1144,2
1090,2018-06-28,3863,1
1091,2018-06-28,627,1
1092,2018-06-28,4354,2
1093,2018-06-28,1240,1
1094,2018-06-28,1285,3
1095,2018-06-28,2147,3
1096,2018-06-29,3326,3
1097,2018-06-29,1904,1
1098,2018-06-29,2204,3
1099,2018-06-29,563,3
1100,2018-06-29,4949,1
1101,2018-06-29,1682,1
1102,2018-06-29,149,2
1103,2018-06-29,3995,2
1104,2018-06-29,2049,4
1105,2018-06-29,4791,3
1106,2018-06-29,3601,2
1107,2018-06-29,4131,1
1108,2018-06-29,1253,3
1109,2018-06-29,4521,2
1110,2018-06-29,1101,1
1111,2018-06-29,4028,2
1112,2018-06-29,1951,2
1113,2018-06-29,3055,1
1114,2018-06-30,2648,1
1115,2018-06-30,1605,3
1116,2018-06-30,1157,2
1117,2018-06-30,4696,4
1118,2018-06-30,2979,2
1119,2018-06-30,2524,1
1120,2018-06-30,1897,2
1121,2018-06-30,1942,1
1122,2018-06-30,2453,2
1123,2018-06-30,4759,4
1124,2018-06-30,827,1
1125,2018-06-30,722,2
1126,2018-06-30,4567,1
1127,2018-06-30,1788,4
1128,2018-06-30,2417,3
1129,2018-06-30,248,1
1130,2018-06-30,1965,2
1131,2018-06-30,4361,1
1132,2018-06-30,1436,3
1133,2018-07-01,774,2
1134,2018-07-01,1831,1
1135,2018-07-01,4487,2
1136,2018-07-01,2430,2
1137,2018-07-01,1724,1
1138,2018-07-01,3094,2
1139,2018-07-01,782,2
1140,2018-07-01,761,3
1141,2018-07-01,150,3
1142,2018-07-01,4594,2
1143,2018-07-01,2674,3
1144,2018-07-01,2140,1
1145,2018-07-01,1168,5
1146,2018-07-01,4281,3
1147,2018-07-01,3913,1
1148,2018-07-01,1021,2
1149,2018-07-01,906,3
1150,2018-07-01,3897,1
1151,2018-07-01,3262,3
1152,2018-07-01,4631,3
1153,2018-07-01,784,2
1154,2018-07-01,3983,1
1155,2018-07-02,3272,1
1156,2018-07-02,4773,1
1157,2018-07-02,1403,2
1158,2018-07-02,4510,3
1159,2018-07-02,3053,2
1160,2018-07-02,463,3
1161,2018-07-02,4329,1
1162,2018-07-02,4444,3
1163,2018-07-02,4088,1
1164,2018-07-02,1200,2
1165,2018-07-02,4152,2
1166,2018-07-02,4776,1
1167,2018-07-02,459,2
1168,2018-07-02,4809,2
1169,2018-07-02,2766,3
1170,2018-07-02,1306,4
1171,2018-07-02,424,2
1172,2018-07-02,2854,3
1173,2018-07-03,2194,4
1174,2018-07-03,145,1
1175,2018-07-03,845,3
1176,2018-07-03,4832,1
1177,2018-07-03,4695,2
1178,2018-07-03,1668,2
1179,2018-07-03,2277,2
1180,2018-07-03,2284,1
1181,2018-07-03,1472,2
1182,2018-07-03,1329,2
1183,2018-07-03,4776,3
1184,2018-07-03,20,1
1185,2018-07-03,1179,3
1186,2018-07-03,1431,4
1187,2018-07-03,1769,2
1188,2018-07-03,4755,3
1189,2018-07-03,2250,2
1190,2018-07-03,4539,1
1191,2018-07-03,4006,4
1192,2018-07-03,2374,2
1193,2018-07-04,1721,2
1194,2018-07-04,2015,2
1195,2018-07-04,2042,2
1196,2018-07-04,1686,2
1197,2018-07-04,1270,3
1198,2018-07-04,1827,4
1199,2018-07-04,1292,2
1200,2018-07-04,2063,2
1201,2018-07-04,2576,2
1202,2018-07-04,4582,1
1203,2018-07-04,2129,4
1204,2018-07-04,5,2
1205,2018-07-04,2629,1
1206,2018-07-04,3728,3
1207,2018-07-04,4501,2
1208,2018-07-04,110,1
1209,2018-07-05,904,2
1210,2018-07-05,4680,2
1211,2018-07-05,1356,1
1212,2018-07-05,823,1
1213,2018-07-05,1798,1
1214,2018-07-05,4397,2
1215,2018-07-05,4221,3
1216,2018-07-05,3182,3
1217,2018-07-05,500,2
1218,2018-07-05,4031,2
1219,2018-07-05,3568,2
1220,2018-07-05,4103,2
1221,2018-07-05,4795,4
1222,2018-07-05,1236,1
1223,2018-07-05,1936,3
1224,2018-07-06,3220,2
1225,2018-07-06,4029,2
1226,2018-07-06,92,1
1227,2018-07-06,4104,1
1228,2018-07-06,2764,3
1229,2018-07-06,3094,3
1230,2018-07-06,407,2
1231,2018-07-06,2018,1
1232,2018-07-06,4688,1
1233,2018-07-06,642,3
1234,2018-07-06,1724,2
1235,2018-07-06,2847,3
1236,2018-07-07,2119,4
1237,2018-07-07,871,2
1238,2018-07-07,59,1
1239,2018-07-07,4706,2
1240,2018-07-07,3250,2
1241,2018-07-07,314,3
1242,2018-07-07,4734,1
1243,2018-07-07,2881,4
1244,2018-07-07,621,1
1245,2018-07-07,1513,3
1246,2018-07-07,4869,4
1247,2018-07-07,218,1
1248,2018-07-07,413,4
1249,2018-07-07,799,1
1250,2018-07-07,1025,3
1251,2018-07-07,3975,1
1252,2018-07-07,864,2
1253,2018-07-07,4728,4
1254,2018-07-07,188,1
1255,2018-07-08,214,3
1256,2018-07-08,836,4
1257,2018-07-08,3409,1
1258,2018-07-08,859,4
1259,2018-07-08,1507,2
1260,2018-07-08,152,2
1261,2018-07-08,1794,2
1262,2018-07-08,3474,4
1263,2018-07-08,4226,4
1264,2018-07-08,4165,2
1265,2018-07-08,2147,2
1266,2018-07-08,2197,1
1267,2018-07-08,3925,1
1268,2018-07-08,4107,4
1269,2018-07-08,4795,1
1270,2018-07-08,1865,1
1271,2018-07-08,3482,2
1272,2018-07-08,203,1
1273,2018-07-08,503,2
1274,2018-07-08,4164,2
1275,2018-07-08,2193,1
1276,2018-07-08,2549,3
1277,2018-07-08,1285,2
1278,2018-07-08,3914,4
1279,2018-07-08,2341,1
1280,2018-07-08,2866,4
1281,2018-07-08,262,1
1282,2018-07-08,1588,3
1283,2018-07-08,2012,1
1284,2018-07-08,1893,1
1285,2018-07-08,2562,2
1286,2018-07-09,4624,1
1287,2018-07-09,835,2
1288,2018-07-09,3782,3
1289,2018-07-09,2749,1
1290,2018-07-09,2481,1
1291,2018-07-09,1290,3
1292,2018-07-09,2923,1
1293,2018-07-09,4571,1
1294,2018-07-09,4296,3
1295,2018-07-09,4888,1
1296,2018-07-09,145,2
1297,2018-07-09,2798,2
1298,2018-07-09,2895,2
1299,2018-07-09,2920,1
1300,2018-07-09,2685,1
1301,2018-07-09,681,2
1302,2018-07-09,4395,2
1303,2018-07-09,972,3
1304,2018-07-09,2324,2
1305,2018-07-10,2233,4
1306,2018-07-10,4614,2
1307,2018-07-10,2443,3
1308,2018-07-10,3282,2
1309,2018-07-10,3986,1
1310,2018-07-10,3627,4
1311,2018-07-10,1808,1
1312,2018-07-10,2803,1
1313,2018-07-10,4508,1
1314,2018-07-10,636,3
1315,2018-07-10,4553,2
1316,2018-07-10,2538,5
1317,2018-07-10,2820,4
1318,2018-07-10,4646,4
1319,2018-07-10,4371,1
1320,2018-07-11,4514,1
1321,2018-07-11,1033,2
1322,2018-07-11,2918,2
1323,2018-07-11,3985,1
1324,2018-07-11,216,3
1325,2018-07-11,875,4
1326,2018-07-11,1097,4
1327,2018-07-11,27,1
1328,2018-07-11,2939,1
1329,2018-07-11,3158,4
1330,2018-07-11,2241,1
1331,2018-07-11,3725,1
1332,2018-07-11,976,1
1333,2018-07-11,1417,1
1334,2018-07-12,4363,1
1335,2018-07-12,3778,1
1336,2018-07-12,4711,1
1337,2018-07-12,2520,1
1338,2018-07-12,203,3
1339,2018-07-12,165,2
1340,2018-07-12,3711,2
1341,2018-07-12,4034,4
1342,2018-07-12,3836,3
1343,2018-07-12,1774,1
1344,2018-07-12,157,2
1345,2018-07-12,3422,1
1346,2018-07-12,2081,3
1347,2018-07-12,516,1
1348,2018-07-12,534,2
1349,2018-07-12,4730,2
1350,2018-07-12,1683,1
1351,2018-07-13,2431,2
1352,2018-07-13,2545,1
1353,2018-07-13,2710,2
1354,2018-07-13,841,4
1355,2018-07-13,1193,2
1356,2018-07-13,3151,1
1357,2018-07-13,2274,1
1358,2018-07-13,4314,2
1359,2018-07-13,451,3
1360,2018-07-13,2265,3
1361,2018-07-13,4045,2
1362,2018-07-13,735,1
1363,2018-07-13,2941,2
1364,2018-07-13,1969,2
1365,2018-07-13,2434,2
1366,2018-07-13,604,2
1367,2018-07-13,1313,3
1368,2018-07-13,251,2
1369,2018-07-13,1034,4
1370,2018-07-13,1515,1
1371,2018-07-14,2320,3
1372,2018-07-14,4525,2
1373,2018-07-14,1180,1
1374,2018-07-14,2665,2
1375,2018-07-14,2222,5
1376,2018-07-14,3521,1
1377,2018-07-14,1109,1
1378,2018-07-14,675,2
1379,2018-07-14,4126,2
1380,2018-07-14,1539,2
1381,2018-07-14,3571,1
1382,2018-07-14,884,2
1383,2018-07-14,1024,4
1384,2018-07-14,2391,1
1385,2018-07-14,1114,2
1386,2018-07-14,3128,2
1387,2018-07-14,4466,3
1388,2018-07-14,3812,4
1389,2018-07-14,2952,4
1390,2018-07-14,4342,2
1391,2018-07-14,2242,2
1392,2018-07-14,1787,1
1393,2018-07-15,2795,2
1394,2018-07-15,2070,3
1395,2018-07-15,976,2
1396,2018-07-15,1079,4
1397,2018-07-15,3893,2
1398,2018-07-15,1721,1
1399,2018-07-15,1542,3
1400,2018-07-15,4463,2
1401,2018-07-15,4069,1
1402,2018-07-15,4098,4
1403,2018-07-15,2656,1
1404,2018-07-15,1819,2
1405,2018-07-15,3228,1
1406,2018-07-15,4129,2
1407,2018-07-15,844,2
1408,2018-07-15,2042,4
1409,2018-07-15,1489,3
1410,2018-07-15,4300,1
1411,2018-07-15,2149,3
1412,2018-07-15,2744,1
1413,2018-07-15,790,4
1414,2018-07-15,3938,4
1415,2018-07-15,482,3
1416,2018-07-15,2215,2
1417,2018-07-15,2432,3
1418,2018-07-16,1926,3
1419,2018-07-16,2049,3
1420,2018-07-16,2321,3
1421,2018-07-16,191,4
1422,2018-07-16,310,3
1423,2018-07-16,1625,1
1424,2018-07-16,399,3
1425,2018-07-16,547,4
1426,2018-07-16,4571,1
1427,2018-07-16,1210,2
1428,2018-07-16,3919,3
1429,2018-07-16,1241,2
1430,2018-07-16,4147,2
1431,2018-07-16,3929,2
1432,2018-07-16,4858,1
1433,2018-07-16,4203,2
1434,2018-07-16,584,4
1435,2018-07-17,4617,1
1436,2018-07-17,3378,3
1437,2018-07-17,120,2
1438,2018-07-17,2358,1
1439,2018-07-17,394,5
1440,2018-07-17,2098,3
1441,2018-07-17,482,2
1442,2018-07-17,981,3
1443,2018-07-17,1733,5
1444,2018-07-17,1209,2
1445,2018-07-17,2772,1
1446,2018-07-17,487,4
1447,2018-07-17,793,1
1448,2018-07-17,441,5
1449,2018-07-18,2132,2
1450,2018-07-18,3355,2
1451,2018-07-18,222,4
1452,2018-07-18,1861,3
1453,2018-07-18,128,2
1454,2018-07-18,3253,1
1455,2018-07-18,1822,2
1456,2018-07-18,3511,1
1457,2018-07-18,1656,2
1458,2018-07-18,3257,2
1459,2018-07-18,642,1
1460,2018-07-18,2113,1
1461,2018-07-18,4385,4
1462,2018-07-18,2860,1
1463,2018-07-18,1671,1
1464,2018-07-18,4417,2
1465,2018-07-19,559,2
1466,2018-07-19,4339,3
1467,2018-07-19,4418,2
1468,2018-07-19,2562,2
1469,2018-07-19,2155,3
1470,2018-07-19,3017,1
1471,2018-07-19,4451,2
1472,2018-07-19,4911,2
1473,2018-07-19,3526,2
1474,2018-07-19,4643,2
1475,2018-07-19,169,3
1476,2018-07-19,4631,3
1477,2018-07-20,4828,2
1478,2018-07-20,1270,1
1479,2018-07-20,3198,3
1480,2018-07-20,598,4
1481,2018-07-20,3884,2
1482,2018-07-20,3878,2
1483,2018-07-20,2216,2
1484,2018-07-20,3815,5
1485,2018-07-20,2090,1
1486,2018-07-20,3151,1
1487,2018-07-20,4024,4
1488,2018-07-20,2447,2
1489,2018-07-20,4326,1
1490,2018-07-20,2483,1
1491,2018-07-20,436,1
1492,2018-07-20,3471,4
1493,2018-07-20,351,1
1494,2018-07-20,2034,3
1495,2018-07-20,4630,3
1496,2018-07-20,4224,2
1497,2018-07-20,1501,4
1498,2018-07-20,4163,2
1499,2018-07-21,1887,2
1500,2018-07-21,4345,2
1501,2018-07-21,2329,1
1502,2018-07-21,2069,1
1503,2018-07-21,1060,1
1504,2018-07-21,4673,3
1505,2018-07-21,818,2
1506,2018-07-21,2969,3
1507,2018-07-21,687,1
1508,2018-07-21,2880,1
1509,2018-07-21,2786,1
1510,2018-07-21,647,3
1511,2018-07-21,712,1
1512,2018-07-21,866,1
1513,2018-07-21,4895,1
1514,2018-07-21,2396,1
1515,2018-07-21,1662,2
1516,2018-07-21,4796,4
1517,2018-07-21,379,1
1518,2018-07-21,3799,4
1519,2018-07-21,4199,3
1520,2018-07-21,2056,3
1521,2018-07-21,4013,2
1522,2018-07-21,3858,3
1523,2018-07-21,1845,2
1524,2018-07-21,2824,1
1525,2018-07-21,1033,2
1526,2018-07-22,3791,3
1527,2018-07-22,223,3
1528,2018-07-22,822,1
1529,2018-07-22,1775,3
1530,2018-07-22,1765,3
1531,2018-07-22,3298,2
1532,2018-07-22,676,2
1533,2018-07-22,4810,1
1534,2018-07-22,915,4
1535,2018-07-22,3083,1
1536,2018-07-22,3269,2
1537,2018-07-22,3535,1
1538,2018-07-22,1478,1
1539,2018-07-22,3721,1
1540,2018-07-22,3271,4
1541,2018-07-22,151,2
1542,2018-07-23,123,1
1543,2018-07-23,4122,2
1544,2018-07-23,201,4
1545,2018-07-23,1885,2
1546,2018-07-23,4701,3
1547,2018-07-23,1020,1
1548,2018-07-23,448,3
1549,2018-07-23,1637,2
1550,2018-07-23,4562,2
1551,2018-07-23,1375,2
1552,2018-07-23,17,2
1553,2018-07-23,448,1
1554,2018-07-23,1076,1
1555,2018-07-23,4330,3
1556,2018-07-23,2276,3
1557,2018-07-23,2375,1
1558,2018-07-23,2880,2
1559,2018-07-24,3006,1
1560,2018-07-24,559,1
1561,2018-07-24,4215,3
1562,2018-07-24,4320,4
1563,2018-07-24,794,2
1564,2018-07-24,1820,1
1565,2018-07-24,1085,1
1566,2018-07-24,3123,2
1567,2018-07-24,2394,2
1568,2018-07-24,916,1
1569,2018-07-24,981,1
1570,2018-07-24,3191,2
1571,2018-07-24,2920,1
1572,2018-07-24,4034,1
1573,2018-07-24,4428,3
1574,2018-07-24,292,3
1575,2018-07-24,1898,1
1576,2018-07-24,2460,2
1577,2018-07-24,4959,1
1578,2018-07-24,1051,1
1579,2018-07-25,3265,1
1580,2018-07-25,274,2
1581,2018-07-25,3684,1
1582,2018-07-25,2685,1
1583,2018-07-25,4485,2
1584,2018-07-25,688,1
1585,2018-07-25,330,2
1586,2018-07-25,1658,4
1587,2018-07-25,943,1
1588,2018-07-25,4572,1
1589,2018-07-25,4894,1
1590,2018-07-25,363,1
1591,2018-07-25,4787,4
1592,2018-07-25,3160,1
1593,2018-07-25,448,2
1594,2018-07-25,1846,1
1595,2018-07-25,1884,3
1596,2018-07-25,4195,1
1597,2018-07-25,2966,3
1598,2018-07-26,3052,3
1599,2018-07-26,976,2
1600,2018-07-26,2717,2
1601,2018-07-26,2874,1
1602,2018-07-26,907,1
1603,2018-07-26,4842,1
1604,2018-07-26,744,1
1605,2018-07-26,4080,4
1606,2018-07-26,4166,1
1607,2018-07-26,3848,4
1608,2018-07-26,1978,1
1609,2018-07-26,450,1
1610,2018-07-26,3159,2
1611,2018-07-27,3761,4
1612,2018-07-27,618,1
1613,2018-07-27,645,1
1614,2018-07-27,2251,4
1615,2018-07-27,4701,1
1616,2018-07-27,4032,3
1617,2018-07-27,1898,2
1618,2018-07-27,4608,1
1619,2018-07-27,4708,1
1620,2018-07-27,772,2
1621,2018-07-27,3938,2
1622,2018-07-27,2027,1
1623,2018-07-28,3889,1
1624,2018-07-28,3814,2
1625,2018-07-28,4009,1
1626,2018-07-28,4169,1
1627,2018-07-28,1519,1
1628,2018-07-28,4529,1
1629,2018-07-28,1214,3
1630,2018-07-28,2312,3
1631,2018-07-28,2176,1
1632,2018-07-28,4696,1
1633,2018-07-28,3029,1
1634,2018-07-28,2899,1
1635,2018-07-28,3344,3
1636,2018-07-28,3295,2
1637,2018-07-28,3454,1
1638,2018-07-28,456,1
1639,2018-07-29,1313,1
1640,2018-07-29,1575,2
1641,2018-07-29,549,3
1642,2018-07-29,4220,2
1643,2018-07-29,1009,1
1644,2018-07-29,3863,1
1645,2018-07-29,3424,2
1646,2018-07-29,1612,1
1647,2018-07-29,1241,2
1648,2018-07-29,2313,1
1649,2018-07-29,2251,3
1650,2018-07-29,361,2
1651,2018-07-29,1047,1
1652,2018-07-29,1557,2
1653,2018-07-29,2825,1
1654,2018-07-29,1561,1
1655,2018-07-29,3070,2
1656,2018-07-29,4098,2
1657,2018-07-29,3577,4
1658,2018-07-29,73,1
1659,2018-07-29,2123,2
1660,2018-07-29,229,2
1661,2018-07-29,215,5
1662,2018-07-29,2259,3
1663,2018-07-29,2685,2
1664,2018-07-29,2540,2
1665,2018-07-29,1679,1
1666,2018-07-29,872,5
1667,2018-07-29,261,2
1668,2018-07-29,1769,1
1669,2018-07-29,3802,1
1670,2018-07-29,2589,4
1671,2018-07-29,4430,3
1672,2018-07-29,4861,2
1673,2018-07-30,1361,1
1674,2018-07-30,998,2
1675,2018-07-30,2922,2
1676,2018-07-30,3026,2
1677,2018-07-30,3707,2
1678,2018-07-30,553,1
1679,2018-07-30,1016,2
1680,2018-07-30,3049,3
1681,2018-07-30,2828,1
1682,2018-07-30,381,2
1683,2018-07-30,268,2
1684,2018-07-30,2286,1
1685,2018-07-30,3449,1
1686,2018-07-30,1642,4
1687,2018-07-30,2297,2
1688,2018-07-30,4148,2
1689,2018-07-30,3202,3
1690,2018-07-30,1961,1
1691,2018-07-30,2255,4
1692,2018-07-31,2238,3
1693,2018-07-31,3987,1
1694,2018-07-31,1562,1
1695,2018-07-31,566,2
1696,2018-07-31,46,3
1697,2018-07-31,4781,3
1698,2018-07-31,3226,4
1699,2018-07-31,2452,4
1700,2018-07-31,4106,1
1701,2018-07-31,377,1
1702,2018-07-31,2830,2
1703,2018-07-31,4687,2
1704,2018-07-31,1947,2
1705,2018-07-31,3161,1
1706,2018-07-31,389,1
1707,2018-07-31,4695,1
1708,2018-07-31,1224,1
1709,2018-07-31,723,5
1710,2018-07-31,3684,2
1711,2018-08-01,4878,2
1712,2018-08-01,2674,1
1713,2018-08-01,1337,2
1714,2018-08-01,2914,2
1715,2018-08-01,1148,1
1716,2018-08-01,3485,4
1717,2018-08-01,2791,3
1718,2018-08-01,698,2
1719,2018-08-01,2395,1
1720,2018-08-01,2393,3
1721,2018-08-01,2670,1
1722,2018-08-01,1248,2
1723,2018-08-01,2248,2
1724,2018-08-01,215,4
1725,2018-08-01,2912,3
1726,2018-08-01,1982,2
1727,2018-08-01,3290,2
1728,2018-08-02,603,2
1729,2018-08-02,1424,2
1730,2018-08-02,3613,3
1731,2018-08-02,4358,2
1732,2018-08-02,2492,1
1733,2018-08-02,3831,2
1734,2018-08-02,2935,2
1735,2018-08-02,233,1
1736,2018-08-02,4439,2
1737,2018-08-02,49,3
1738,2018-08-02,1770,2
1739,2018-08-02,819,1
1740,2018-08-02,2570,3
1741,2018-08-02,2750,4
1742,2018-08-02,1498,4
1743,2018-08-02,4540,4
1744,2018-08-02,3952,2
1745,2018-08-02,4413,1
1746,2018-08-02,2822,3
1747,2018-08-02,4738,3
1748,2018-08-02,2635,1
1749,2018-08-02,694,3
1750,2018-08-02,4721,3
1751,2018-08-03,2702,2
1752,2018-08-03,1851,3
1753,2018-08-03,3386,1
1754,2018-08-03,1342,2
1755,2018-08-03,4639,3
1756,2018-08-03,2441,3
1757,2018-08-03,4602,4
1758,2018-08-03,588,2
1759,2018-08-03,1062,2
1760,2018-08-03,2947,1
1761,2018-08-03,3585,2
1762,2018-08-03,1730,2
1763,2018-08-03,117,3
1764,2018-08-04,542,4
1765,2018-08-04,1916,2
1766,2018-08-04,4005,1
1767,2018-08-04,4015,4
1768,2018-08-04,4072,1
1769,2018-08-04,3289,4
1770,2018-08-04,3495,1
1771,2018-08-04,1617,1
1772,2018-08-04,369,2
1773,2018-08-04,2475,1
1774,2018-08-04,4932,3
1775,2018-08-04,3544,1
1776,2018-08-04,3250,1
1777,2018-08-04,1992,1
1778,2018-08-04,1930,3
1779,2018-08-04,2966,1
1780,2018-08-04,2545,4
1781,2018-08-04,2298,1
1782,2018-08-04,1790,2
1783,2018-08-04,1682,2
1784,2018-08-04,3298,1
1785,2018-08-04,877,2
1786,2018-08-04,1131,4
1787,2018-08-04,2702,4
1788,2018-08-05,3539,3
1789,2018-08-05,3050,1
1790,2018-08-05,489,4
1791,2018-08-05,1930,1
1792,2018-08-05,256,1
1793,2018-08-05,689,1
1794,2018-08-05,305,2
1795,2018-08-05,1932,2
1796,2018-08-05,187,2
1797,2018-08-05,3405,1
1798,2018-08-05,1325,2
1799,2018-08-05,3701,2
1800,2018-08-05,3297,2
1801,2018-08-05,2950,1
1802,2018-08-05,453,2
1803,2018-08-05,3379,2
1804,2018-08-05,339,2
1805,2018-08-05,5,2
1806,2018-08-05,3080,4
1807,2018-08-05,4616,1
1808,2018-08-05,1372,1
1809,2018-08-05,4672,1
1810,2018-08-05,252,2
1811,2018-08-05,469,1
1812,2018-08-06,2858,2
1813,2018-08-06,4238,1
1814,2018-08-06,4637,1
1815,2018-08-06,2550,4
1816,2018-08-06,589,2
1817,2018-08-06,366,2
1818,2018-08-06,789,3
1819,2018-08-06,4601,2
1820,2018-08-06,3569,2
1821,2018-08-07,2904,2
1822,2018-08-07,1821,1
1823,2018-08-07,525,2
1824,2018-08-07,2239,1
1825,2018-08-07,210,4
1826,2018-08-07,1184,2
1827,2018-08-07,2398,1
1828,2018-08-07,1372,3
1829,2018-08-07,2460,2
1830,2018-08-07,211,1
1831,2018-08-07,1184,3
1832,2018-08-07,114,1
1833,2018-08-07,203,2
1834,2018-08-07,1471,1
1835,2018-08-08,2889,1
1836,2018-08-08,944,1
1837,2018-08-08,2412,1
1838,2018-08-08,429,4
1839,2018-08-08,4035,4
1840,2018-08-08,25,3
1841,2018-08-08,1561,1
1842,2018-08-08,2256,2
1843,2018-08-08,64,1
1844,2018-08-08,2812,1
1845,2018-08-08,1504,2
1846,2018-08-08,4045,2
1847,2018-08-08,2291,1
1848,2018-08-08,4780,1
1849,2018-08-08,3618,1
1850,2018-08-08,580,1
1851,2018-08-08,255,2
1852,2018-08-09,593,2
1853,2018-08-09,158,1
1854,2018-08-09,4643,3
1855,2018-08-09,446,1
1856,2018-08-09,782,1
1857,2018-08-09,3018,3
1858,2018-08-09,10,2
1859,2018-08-09,2357,2
1860,2018-08-09,2809,1
1861,2018-08-09,2779,3
1862,2018-08-09,3672,1
1863,2018-08-09,2283,1
1864,2018-08-09,985,2
1865,2018-08-09,2205,2
1866,2018-08-09,2320,2
1867,2018-08-09,2533,2
1868,2018-08-09,4183,2
1869,2018-08-09,334,3
1870,2018-08-10,2226,1
1871,2018-08-10,4087,2
1872,2018-08-10,4360,2
1873,2018-08-10,1018,4
1874,2018-08-10,3200,1
1875,2018-08-10,1688,4
1876,2018-08-10,338,3
1877,2018-08-10,675,1
1878,2018-08-10,2107,4
1879,2018-08-10,663,1
1880,2018-08-10,806,1
1881,2018-08-10,2250,3
1882,2018-08-10,910,1
1883,2018-08-10,2899,4
1884,2018-08-10,4122,2
1885,2018-08-10,4952,1
1886,2018-08-11,600,4
1887,2018-08-11,3107,3
1888,2018-08-11,2161,1
1889,2018-08-11,461,2
1890,2018-08-11,1301,4
1891,2018-08-11,2710,1
1892,2018-08-11,2348,3
1893,2018-08-11,2091,2
1894,2018-08-11,4900,1
1895,2018-08-11,82,1
1896,2018-08-11,1342,1
1897,2018-08-11,4901,3
1898,2018-08-11,4953,1
1899,2018-08-11,2320,1
1900,2018-08-11,570,4
1901,2018-08-11,22,2
1902,2018-08-11,284,2
1903,2018-08-11,4728,5
1904,2018-08-11,3161,1
1905,2018-08-11,57,3
1906,2018-08-11,3370,2
1907,2018-08-11,2601,1
1908,2018-08-12,4123,1
1909,2018-08-12,998,4
1910,2018-08-12,604,2
1911,2018-08-12,2797,4
1912,2018-08-12,3234,4
1913,2018-08-12,2620,1
1914,2018-08-12,2966,3
1915,2018-08-12,3647,2
1916,2018-08-12,4455,3
1917,2018-08-12,2507,1
1918,2018-08-12,1666,2
1919,2018-08-12,1070,1
1920,2018-08-12,3979,1
1921,2018-08-12,1748,2
1922,2018-08-12,1855,3
1923,2018-08-12,1403,1
1924,2018-08-12,1369,1
1925,2018-08-12,2200,1
1926,2018-08-12,4365,2
1927,2018-08-12,539,2
1928,2018-08-12,4195,4
1929,2018-08-12,4636,1
1930,2018-08-12,1226,4
1931,2018-08-12,3109,1
1932,2018-08-12,3145,2
1933,2018-08-13,2192,1
1934,2018-08-13,1589,3
1935,2018-08-13,3670,2
1936,2018-08-13,192,3
1937,2018-08-13,1813,1
1938,2018-08-13,4180,2
1939,2018-08-13,4166,1
1940,2018-08-13,2989,1
1941,2018-08-13,689,2
1942,2018-08-13,4714,3
1943,2018-08-13,2352,3
1944,2018-08-14,2189,3
1945,2018-08-14,2345,2
1946,2018-08-14,3124,2
1947,2018-08-14,4072,1
1948,2018-08-14,1945,4
1949,2018-08-14,2576,1
1950,2018-08-14,3162,4
1951,2018-08-14,1880,1
1952,2018-08-14,1212,4
1953,2018-08-14,841,3
1954,2018-08-14,1249,3
1955,2018-08-14,573,4
1956,2018-08-14,932,1
1957,2018-08-14,838,1
1958,2018-08-14,4547,3
1959,2018-08-15,4387,1
1960,2018-08-15,1517,2
1961,2018-08-15,314,3
1962,2018-08-15,4272,1
1963,2018-08-15,3055,2
1964,2018-08-15,3936,2
1965,2018-08-15,1936,1
1966,2018-08-15,663,2
1967,2018-08-15,871,1
1968,2018-08-15,3607,3
1969,2018-08-15,91,1
1970,2018-08-15,1588,4
1971,2018-08-15,2586,1
1972,2018-08-15,3315,2
1973,2018-08-15,4343,4
1974,2018-08-16,1640,4
1975,2018-08-16,2201,1
1976,2018-08-16,2858,3
1977,2018-08-16,4069,3
1978,2018-08-16,3432,4
1979,2018-08-16,4645,4
1980,2018-08-16,375,3
1981,2018-08-16,4514,1
1982,2018-08-16,2869,3
1983,2018-08-16,2585,1
1984,2018-08-16,4842,2
1985,2018-08-16,3259,1
1986,2018-08-16,2511,1
1987,2018-08-16,4048,4
1988,2018-08-16,4341,1
1989,2018-08-16,812,1
1990,2018-08-16,1386,3
1991,2018-08-16,4061,1
1992,2018-08-16,3630,2
1993,2018-08-17,2841,1
1994,2018-08-17,4406,1
1995,2018-08-17,1864,1
1996,2018-08-17,4501,3
1997,2018-08-17,4773,2
1998,2018-08-17,1457,4
1999,2018-08-17,3549,2
2000,2018-08-17,1605,3
2001,2018-08-17,2818,4
2002,2018-08-17,4213,2
2003,2018-08-17,3497,1
2004,2018-08-17,2170,1
2005,2018-08-17,3545,1
2006,2018-08-17,4998,2
2007,2018-08-17,253,1
2008,2018-08-18,1788,1
2009,2018-08-18,3390,1
2010,2018-08-18,1541,2
2011,2018-08-18,4939,2
2012,2018-08-18,2180,4
2013,2018-08-18,709,1
2014,2018-08-18,4734,2
2015,2018-08-18,2821,2
2016,2018-08-18,3917,2
2017,2018-08-18,534,3
2018,2018-08-18,4005,1
2019,2018-08-18,276,2
2020,2018-08-18,744,2
2021,2018-08-18,3468,1
2022,2018-08-18,2205,2
2023,2018-08-18,4786,4
2024,2018-08-18,3862,4
2025,2018-08-18,4595,1
2026,2018-08-18,3842,1
2027,2018-08-18,4940,2
2028,2018-08-18,1672,4
2029,2018-08-18,2691,4
2030,2018-08-18,2176,1
2031,2018-08-18,2326,3
2032,2018-08-19,821,1
2033,2018-08-19,2460,4
2034,2018-08-19,3407,2
2035,2018-08-19,31,2
2036,2018-08-19,821,1
2037,2018-08-19,799,4
2038,2018-08-19,2119,3
2039,2018-08-19,4475,2
2040,2018-08-19,1888,2
2041,2018-08-19,2284,1
2042,2018-08-19,382,1
2043,2018-08-19,2803,2
2044,2018-08-19,4092,3
2045,2018-08-19,1822,3
2046,2018-08-19,5000,2
2047,2018-08-19,4161,2
2048,2018-08-19,1892,2
2049,2018-08-19,4653,1
2050,2018-08-19,1057,1
2051,2018-08-20,4953,1
2052,2018-08-20,2197,3
2053,2018-08-20,593,3
2054,2018-08-20,2911,2
2055,2018-08-20,3552,5
2056,2018-08-20,2696,2
2057,2018-08-20,4418,1
2058,2018-08-20,3987,3
2059,2018-08-20,3578,2
2060,2018-08-20,2882,2
2061,2018-08-20,558,2
2062,2018-08-20,4048,2
2063,2018-08-20,1373,1
2064,2018-08-20,4171,3
2065,2018-08-20,4212,2
2066,2018-08-20,2523,3
2067,2018-08-20,2018,1
2068,2018-08-20,4924,1
2069,2018-08-20,3174,1
2070,2018-08-20,1840,4
2071,2018-08-20,2776,1
2072,2018-08-20,4473,1
2073,2018-08-21,3102,1
2074,2018-08-21,937,2
2075,2018-08-21,348,2
2076,2018-08-21,880,2
2077,2018-08-21,1507,1
2078,2018-08-21,4330,1
2079,2018-08-21,1637,2
2080,2018-08-21,2771,2
2081,2018-08-21,3121,4
2082,2018-08-21,3621,1
2083,2018-08-21,3999,2
2084,2018-08-21,187,1
2085,2018-08-21,2973,1
2086,2018-08-21,967,1
2087,2018-08-22,71,1
2088,2018-08-22,2170,1
2089,2018-08-22,4094,4
2090,2018-08-22,3818,1
2091,2018-08-22,3776,4
2092,2018-08-22,4603,4
2093,2018-08-22,2979,2
2094,2018-08-22,3830,4
2095,2018-08-22,2893,1
2096,2018-08-22,2421,1
2097,2018-08-22,4494,3
2098,2018-08-22,4356,2
2099,2018-08-22,4189,4
2100,2018-08-22,1683,5
2101,2018-08-22,2761,2
2102,2018-08-22,1781,1
2103,2018-08-22,3343,4
2104,2018-08-22,3200,1
2105,2018-08-23,2363,1
2106,2018-08-23,249,1
2107,2018-08-23,4833,1
2108,2018-08-23,2665,3
2109,2018-08-23,1394,1
2110,2018-08-23,4334,2
2111,2018-08-23,4959,2
2112,2018-08-23,1609,2
2113,2018-08-23,4936,2
2114,2018-08-23,3027,1
2115,2018-08-24,1744,1
2116,2018-08-24,2378,4
2117,2018-08-24,1465,2
2118,2018-08-24,407,1
2119,2018-08-24,3535,1
2120,2018-08-24,3057,1
2121,2018-08-24,2084,2
2122,2018-08-24,4973,1
2123,2018-08-24,5,3
2124,2018-08-24,3041,1
2125,2018-08-24,2168,1
2126,2018-08-24,1406,1
2127,2018-08-25,770,2
2128,2018-08-25,3087,1
2129,2018-08-25,4463,1
2130,2018-08-25,690,3
2131,2018-08-25,3726,1
2132,2018-08-25,4251,1
2133,2018-08-25,586,2
2134,2018-08-25,31,2
2135,2018-08-25,3026,1
2136,2018-08-25,3463,4
2137,2018-08-25,602,1
2138,2018-08-25,943,1
2139,2018-08-25,4050,2
2140,2018-08-25,1824,1
2141,2018-08-25,728,3
2142,2018-08-25,4691,1
2143,2018-08-25,2297,3
2144,2018-08-25,4187,2
2145,2018-08-25,4031,1
2146,2018-08-25,2853,1
2147,2018-08-25,325,1
2148,2018-08-25,4626,2
2149,2018-08-26,4830,1
2150,2018-08-26,2793,2
2151,2018-08-26,3386,3
2152,2018-08-26,3764,1
2153,2018-08-26,848,2
2154,2018-08-26,3478,1
2155,2018-08-26,3976,2
2156,2018-08-26,484,1
2157,2018-08-26,2442,4
2158,2018-08-26,3391,1
2159,2018-08-26,4118,3
2160,2018-08-26,3552,1
2161,2018-08-26,2759,3
2162,2018-08-26,1060,4
2163,2018-08-26,123,1
2164,2018-08-26,4981,4
2165,2018-08-26,1696,1
2166,2018-08-26,3629,3
2167,2018-08-26,3994,1
2168,2018-08-26,1520,2
2169,2018-08-26,4635,2
2170,2018-08-27,1365,3
2171,2018-08-27,2517,2
2172,2018-08-27,3682,1
2173,2018-08-27,236,1
2174,2018-08-27,1169,1
2175,2018-08-27,3755,1
2176,2018-08-27,291,1
2177,2018-08-27,4989,2
2178,2018-08-27,3175,1
2179,2018-08-27,3018,2
2180,2018-08-27,2976,4
2181,2018-08-27,3914,1
2182,2018-08-28,718,3
2183,2018-08-28,4191,2
2184,2018-08-28,2585,1
2185,2018-08-28,4412,1
2186,2018-08-28,1837,1
2187,2018-08-28,2886,1
2188,2018-08-28,4799,3
2189,2018-08-28,1344,1
2190,2018-08-29,2360,3
2191,2018-08-29,738,3
2192,2018-08-29,3377,3
2193,2018-08-29,1248,2
2194,2018-08-29,2802,2
2195,2018-08-29,4458,3
2196,2018-08-29,4309,1
2197,2018-08-29,3577,5
2198,2018-08-29,4873,1
2199,2018-08-29,3122,2
2200,2018-08-29,3819,4
2201,2018-08-29,3496,2
2202,2018-08-29,4214,3
2203,2018-08-29,953,1
2204,2018-08-30,4361,2
2205,2018-08-30,2679,1
2206,2018-08-30,1678,2
2207,2018-08-30,1401,3
2208,2018-08-30,2488,3
2209,2018-08-30,3992,1
2210,2018-08-30,1459,2
2211,2018-08-30,369,1
2212,2018-08-30,53,1
2213,2018-08-30,3470,1
2214,2018-08-30,3842,2
2215,2018-08-30,3505,1
2216,2018-08-30,1021,2
2217,2018-08-30,2163,3
2218,2018-08-31,4635,3
2219,2018-08-31,2022,1
2220,2018-08-31,4361,2
2221,2018-08-31,2685,2
2222,2018-08-31,361,2
2223,2018-08-31,1400,1
2224,2018-08-31,601,1
2225,2018-08-31,2545,1
2226,2018-08-31,580,3
2227,2018-08-31,1058,1
2228,2018-08-31,2195,1
2229,2018-08-31,1439,3
2230,2018-08-31,864,1
